market_name,market_id,market_address,is_shutdown,deployment_deprecated,deployment_disabled,currency,window_start_inclusive_utc,window_end_inclusive_utc,first_volume_hour_utc,last_volume_hour_utc,volume_30d_ovl,avg_24h_bucket_volume_ovl,median_24h_bucket_volume_ovl,max_24h_bucket_volume_ovl,max_24h_bucket_start_utc,max_24h_bucket_end_utc,active_24h_buckets,active_hours,hour_rows,share_30d_volume_pct,current_total_volume_ovl,number_of_builds_lifetime,number_of_unwinds_lifetime,number_of_liquidates_lifetime,explorer_url
SILVER / USD,SILVER%20%2F%20USD,0xabc48a8945146ead99da41a45d824736c20ada9e,false,false,false,USD,2026-05-04T13:00:00Z,2026-06-03T12:00:00Z,2026-05-05T14:00:00Z,2026-06-03T10:00:00Z,116398391.067650,3879946.368921,1996154.793014,14523989.183255,2026-05-27T13:00:00Z,2026-05-28T12:00:00Z,26,217,217,18.1332,139778280.053699,362,253,101,https://bscscan.com/address/0xabc48a8945146ead99da41a45d824736c20ada9e
OIL / USD,OIL%20%2F%20USD,0x3914ec7f837fc44f09c8f4520ab3afcded24857f,false,false,false,USD,2026-05-04T13:00:00Z,2026-06-03T12:00:00Z,2026-05-04T15:00:00Z,2026-06-03T09:00:00Z,71827387.318223,2394246.243940,1156353.818171,9587065.820269,2026-05-13T13:00:00Z,2026-05-14T12:00:00Z,30,209,209,11.1897,83658143.370832,263,166,94,https://bscscan.com/address/0x3914ec7f837fc44f09c8f4520ab3afcded24857f
PLUME / USD,PLUME%20%2F%20USD,0x9e25fbfa246a7adf36805700cc12b93e9310be2e,false,false,false,USD,2026-05-04T13:00:00Z,2026-06-03T12:00:00Z,2026-05-04T16:00:00Z,2026-06-03T11:00:00Z,70099249.899270,2336641.663309,1665486.241690,8307198.223390,2026-06-02T13:00:00Z,2026-06-03T12:00:00Z,29,271,271,10.9205,78404752.693736,359,245,110,https://bscscan.com/address/0x9e25fbfa246a7adf36805700cc12b93e9310be2e
CHZ / USD,CHZ%20%2F%20USD,0x0f0e82b2987de7cd6bd17db0c279e7596fce72d8,false,false,false,USD,2026-05-04T13:00:00Z,2026-06-03T12:00:00Z,2026-05-04T16:00:00Z,2026-06-03T11:00:00Z,69397001.249721,2313233.374990,1669130.447723,8374381.580771,2026-05-22T13:00:00Z,2026-05-23T12:00:00Z,28,271,271,10.8111,71541814.605780,312,243,60,https://bscscan.com/address/0x0f0e82b2987de7cd6bd17db0c279e7596fce72d8
DASH / USD,DASH%20%2F%20USD,0x2596d270c74c56a6ec5d56c944bdd5f647093ae1,false,false,false,USD,2026-05-04T13:00:00Z,2026-06-03T12:00:00Z,2026-05-04T22:00:00Z,2026-06-03T11:00:00Z,61611504.208336,2053716.806944,1429398.982901,6867995.756075,2026-05-22T13:00:00Z,2026-05-23T12:00:00Z,29,270,270,9.5982,71572420.851008,366,274,84,https://bscscan.com/address/0x2596d270c74c56a6ec5d56c944bdd5f647093ae1
MOCA / USD,MOCA%20%2F%20USD,0xb7684a79951ab4f9c4aa7d620cb9fbead71f5ce8,false,false,false,USD,2026-05-04T13:00:00Z,2026-06-03T12:00:00Z,2026-05-05T16:00:00Z,2026-06-03T09:00:00Z,58808103.698544,1960270.123284,1191319.263323,7443948.465750,2026-05-22T13:00:00Z,2026-05-23T12:00:00Z,25,226,226,9.1615,67014374.604554,323,264,55,https://bscscan.com/address/0xb7684a79951ab4f9c4aa7d620cb9fbead71f5ce8
BAND / USD,BAND%20%2F%20USD,0x83a2cae9c20c82ffd47a7dab42b39d97dea2213f,false,false,false,USD,2026-05-04T13:00:00Z,2026-06-03T12:00:00Z,2026-05-04T16:00:00Z,2026-06-03T10:00:00Z,58559684.299127,1951989.476637,1636083.898968,6474636.334751,2026-05-27T13:00:00Z,2026-05-28T12:00:00Z,28,273,273,9.1228,67803202.330145,349,301,43,https://bscscan.com/address/0x83a2cae9c20c82ffd47a7dab42b39d97dea2213f
AERO / USD,AERO%20%2F%20USD,0x5465671ff8a4e1260c36b9390b308733becd11ce,false,false,false,USD,2026-05-04T13:00:00Z,2026-06-03T12:00:00Z,2026-05-05T14:00:00Z,2026-06-03T12:00:00Z,58024226.116075,1934140.870535,1115260.414003,7378972.973802,2026-05-22T13:00:00Z,2026-05-23T12:00:00Z,27,279,279,9.0394,67149468.378781,370,283,77,https://bscscan.com/address/0x5465671ff8a4e1260c36b9390b308733becd11ce
VVV / USD,VVV%20%2F%20USD,0xf41316eb0c76ae742e58fd09d226419ade1a76b3,false,false,false,USD,2026-05-04T13:00:00Z,2026-06-03T12:00:00Z,2026-05-05T13:00:00Z,2026-06-03T11:00:00Z,42392986.485469,1413099.549515,705726.818320,7619724.471880,2026-05-27T13:00:00Z,2026-05-28T12:00:00Z,20,216,216,6.6042,56524661.889900,359,248,97,https://bscscan.com/address/0xf41316eb0c76ae742e58fd09d226419ade1a76b3
ETH Dominance,ETH%20Dominance,0xf6914fd389300ba0f6e1f858bb1fb53794e18476,false,false,false,PERCENTAGE,2026-05-04T13:00:00Z,2026-06-03T12:00:00Z,2026-05-05T15:00:00Z,2026-06-03T07:00:00Z,10651223.467586,355040.782252,192818.307969,1375265.807275,2026-05-13T13:00:00Z,2026-05-14T12:00:00Z,25,130,130,1.6593,12575173.872807,131,122,5,https://bscscan.com/address/0xf6914fd389300ba0f6e1f858bb1fb53794e18476
BTC / USD,BTC%20%2F%20USD,0x3d9701e8fe563d82c3787b3a783d8a218591e4a3,false,true,false,USD,2026-05-04T13:00:00Z,2026-06-03T12:00:00Z,2026-05-04T17:00:00Z,2026-06-03T03:00:00Z,5850572.740565,195019.091352,177886.825669,632713.525754,2026-05-31T13:00:00Z,2026-06-01T12:00:00Z,26,150,150,0.9114,6956898.022715,325,319,20,https://bscscan.com/address/0x3d9701e8fe563d82c3787b3a783d8a218591e4a3
ETH / USD,ETH%20%2F%20USD,0x6ab3469c76adf1eef65ee105dac1093c130468ba,false,true,false,USD,2026-05-04T13:00:00Z,2026-06-03T12:00:00Z,2026-05-04T16:00:00Z,2026-06-03T11:00:00Z,4941754.170461,164725.139015,100396.908692,998902.099569,2026-06-02T13:00:00Z,2026-06-03T12:00:00Z,25,140,140,0.7699,6013262.574988,275,261,20,https://bscscan.com/address/0x6ab3469c76adf1eef65ee105dac1093c130468ba
FRAX / USD,FRAX%20%2F%20USD,0xa56d63442b2639a118c1f6fa625e8d9423aa0eeb,false,false,false,USD,2026-05-04T13:00:00Z,2026-06-03T12:00:00Z,2026-05-18T15:00:00Z,2026-06-03T12:00:00Z,4731786.603135,157726.220104,0.000000,4731760.050801,2026-06-02T13:00:00Z,2026-06-03T12:00:00Z,2,12,12,0.7371,4731786.603135,17,13,1,https://bscscan.com/address/0xa56d63442b2639a118c1f6fa625e8d9423aa0eeb
ALT / USD,ALT%20%2F%20USD,0x132db00ea3158ad6036b54ea9921e556addf5e23,false,false,false,USD,2026-05-04T13:00:00Z,2026-06-03T12:00:00Z,2026-06-02T18:00:00Z,2026-06-03T11:00:00Z,4311633.107627,143721.103587,0.000000,4311633.107627,2026-06-02T13:00:00Z,2026-06-03T12:00:00Z,1,11,11,0.6717,4311633.107627,15,8,2,https://bscscan.com/address/0x132db00ea3158ad6036b54ea9921e556addf5e23
BTC / USD,BTC%20%2F%20USD,0xf70770051f8c02f8a96d2d01f1c521555bb15203,false,false,false,USD,2026-05-04T13:00:00Z,2026-06-03T12:00:00Z,2026-05-06T11:00:00Z,2026-06-02T16:00:00Z,3210656.932075,107021.897735,1437.962298,1718107.412783,2026-05-15T13:00:00Z,2026-05-16T12:00:00Z,17,39,39,0.5002,44119559.688988,318,244,71,https://bscscan.com/address/0xf70770051f8c02f8a96d2d01f1c521555bb15203
Will Brazil Win the 2026 FIFA World Cup,Will%20Brazil%20Win%20the%202026%20FIFA%20World%20Cup,0x1869b4818ff2d111102126f235cfcd0a8468f558,false,false,false,PERCENTAGE,2026-05-04T13:00:00Z,2026-06-03T12:00:00Z,2026-05-23T00:00:00Z,2026-05-23T00:00:00Z,176883.685587,5896.122852,0.000000,176883.685587,2026-05-22T13:00:00Z,2026-05-23T12:00:00Z,1,1,1,0.0276,177738.955427,6,2,1,https://bscscan.com/address/0x1869b4818ff2d111102126f235cfcd0a8468f558
ETH / USD,ETH%20%2F%20USD,0xd214f7d05406fc28557625aa0c0da71458e0cc6c,false,false,false,USD,2026-05-04T13:00:00Z,2026-06-03T12:00:00Z,2026-05-06T11:00:00Z,2026-06-02T16:00:00Z,153353.909543,5111.796984,0.000000,42500.401177,2026-05-13T13:00:00Z,2026-05-14T12:00:00Z,9,11,11,0.0239,23217813.378901,266,211,54,https://bscscan.com/address/0xd214f7d05406fc28557625aa0c0da71458e0cc6c
ASTER vs MYX,ASTER%20vs%20MYX,0x377d6e6647189aa7ea9a5e12f4bdc7ecaebb7d45,false,false,false,,2026-05-04T13:00:00Z,2026-06-03T12:00:00Z,2026-05-07T08:00:00Z,2026-05-26T08:00:00Z,149307.268717,4976.908957,0.000000,25000.000000,2026-05-11T13:00:00Z,2026-05-12T12:00:00Z,11,14,14,0.0233,2387172.011971,220,160,71,https://bscscan.com/address/0x377d6e6647189aa7ea9a5e12f4bdc7ecaebb7d45
Double or Nothing,Double%20or%20Nothing,0x026a7f4bee2f79c8b605a141ce15d61a6f0a078e,false,false,false,,2026-05-04T13:00:00Z,2026-06-03T12:00:00Z,2026-05-04T16:00:00Z,2026-05-23T20:00:00Z,122175.056959,4072.501898,0.000000,29302.363248,2026-05-19T13:00:00Z,2026-05-20T12:00:00Z,12,52,52,0.0190,343004.692420,252,102,151,https://bscscan.com/address/0x026a7f4bee2f79c8b605a141ce15d61a6f0a078e
Will France Win the 2026 FIFA World Cup,Will%20France%20Win%20the%202026%20FIFA%20World%20Cup,0x8230c9209c8f316597b45b7dbf3b361bef0441ea,false,false,false,PERCENTAGE,2026-05-04T13:00:00Z,2026-06-03T12:00:00Z,2026-05-23T00:00:00Z,2026-06-02T08:00:00Z,117813.657514,3927.121917,0.000000,68179.715779,2026-05-22T13:00:00Z,2026-05-23T12:00:00Z,2,2,2,0.0184,117821.871812,4,0,2,https://bscscan.com/address/0x8230c9209c8f316597b45b7dbf3b361bef0441ea
GOLD / SILVER,GOLD%20%2F%20SILVER,0xe45ac085f79a6719d5754431f922332e9e73c4a9,false,false,false,,2026-05-04T13:00:00Z,2026-06-03T12:00:00Z,2026-05-11T19:00:00Z,2026-05-24T03:00:00Z,101365.588824,3378.852960,0.000000,101064.557190,2026-05-13T13:00:00Z,2026-05-14T12:00:00Z,3,4,4,0.0158,1132723.255514,72,56,6,https://bscscan.com/address/0xe45ac085f79a6719d5754431f922332e9e73c4a9
Will England Win the 2026 FIFA World Cup,Will%20England%20Win%20the%202026%20FIFA%20World%20Cup,0x0f0e0e8d16cb7975af985cba2f4411bcb2d338a6,false,false,false,PERCENTAGE,2026-05-04T13:00:00Z,2026-06-03T12:00:00Z,2026-05-23T00:00:00Z,2026-05-23T00:00:00Z,83887.433697,2796.247789,0.000000,83887.433697,2026-05-22T13:00:00Z,2026-05-23T12:00:00Z,1,1,1,0.0131,83895.641427,5,1,1,https://bscscan.com/address/0x0f0e0e8d16cb7975af985cba2f4411bcb2d338a6
BTC Dominance,BTC%20Dominance,0xb574757a7865249e04872ad6a081ddddea79b9b2,false,false,false,PERCENTAGE,2026-05-04T13:00:00Z,2026-06-03T12:00:00Z,2026-05-11T21:00:00Z,2026-05-12T06:00:00Z,62876.982865,2095.899428,0.000000,62876.982865,2026-05-11T13:00:00Z,2026-05-12T12:00:00Z,1,2,2,0.0098,198804.492844,25,18,5,https://bscscan.com/address/0xb574757a7865249e04872ad6a081ddddea79b9b2
Will Argentina Win the 2026 FIFA World Cup,Will%20Argentina%20Win%20the%202026%20FIFA%20World%20Cup,0x8179aeff0b1e3207ac862a27f78d00dbe5e9d114,false,false,false,PERCENTAGE,2026-05-04T13:00:00Z,2026-06-03T12:00:00Z,2026-05-23T00:00:00Z,2026-05-31T05:00:00Z,49217.758164,1640.591938,0.000000,47717.758164,2026-05-22T13:00:00Z,2026-05-23T12:00:00Z,2,2,2,0.0077,49225.974105,5,0,1,https://bscscan.com/address/0x8179aeff0b1e3207ac862a27f78d00dbe5e9d114
GOLD / USD,GOLD%20%2F%20USD,0x6c110d58dee4f0229c305c4858ab50fd203b8da5,false,true,false,USD,2026-05-04T13:00:00Z,2026-06-03T12:00:00Z,2026-05-09T07:00:00Z,2026-05-19T09:00:00Z,42511.343717,1417.044790,0.000000,15760.107193,2026-05-08T13:00:00Z,2026-05-09T12:00:00Z,3,5,5,0.0066,146286.765201,45,43,8,https://bscscan.com/address/0x6c110d58dee4f0229c305c4858ab50fd203b8da5
Will Spain Win the 2026 FIFA World Cup,Will%20Spain%20Win%20the%202026%20FIFA%20World%20Cup,0x6962bc1876d10268aa2af209d1c05c4a92bb78bd,false,false,false,PERCENTAGE,2026-05-04T13:00:00Z,2026-06-03T12:00:00Z,2026-05-23T00:00:00Z,2026-05-23T00:00:00Z,13625.856260,454.195208,0.000000,13625.856260,2026-05-22T13:00:00Z,2026-05-23T12:00:00Z,1,1,1,0.0021,13634.055787,3,0,1,https://bscscan.com/address/0x6962bc1876d10268aa2af209d1c05c4a92bb78bd
AI Index,AI%20Index,0xe2584d1a23cb44fc7929e1723a8079dcd86b6971,false,false,false,,2026-05-04T13:00:00Z,2026-06-03T12:00:00Z,2026-05-09T08:00:00Z,2026-05-09T22:00:00Z,7903.563625,263.452120,0.000000,4000.000000,2026-05-08T13:00:00Z,2026-05-09T12:00:00Z,2,2,2,0.0012,169813.043600,15,13,2,https://bscscan.com/address/0xe2584d1a23cb44fc7929e1723a8079dcd86b6971
Binance Alpha Index,Binance%20Alpha%20Index,0x90c00f8e627644b6b4ccae4019efcdc9d531e2aa,false,false,false,,2026-05-04T13:00:00Z,2026-06-03T12:00:00Z,2026-05-09T08:00:00Z,2026-05-09T22:00:00Z,7888.023745,262.934124,0.000000,4000.000000,2026-05-08T13:00:00Z,2026-05-09T12:00:00Z,2,2,2,0.0012,197905.203729,17,11,5,https://bscscan.com/address/0x90c00f8e627644b6b4ccae4019efcdc9d531e2aa
Elon Musk Mood Index,Elon%20Musk%20Mood%20Index,0xb95668b06f7d6777ce1b9eb43c78ab6524f56b89,false,false,false,,2026-05-04T13:00:00Z,2026-06-03T12:00:00Z,2026-05-11T09:00:00Z,2026-05-11T09:00:00Z,733.556293,24.451876,0.000000,733.556293,2026-05-10T13:00:00Z,2026-05-11T12:00:00Z,1,1,1,0.0001,40799.093284,17,12,1,https://bscscan.com/address/0xb95668b06f7d6777ce1b9eb43c78ab6524f56b89
SOL Index,SOL%20Index,0x6832fc384c891f0c18d770aa20cb4140e836be2a,false,false,false,,2026-05-04T13:00:00Z,2026-06-03T12:00:00Z,2026-05-18T18:00:00Z,2026-05-24T03:00:00Z,275.714952,9.190498,0.000000,275.000000,2026-05-23T13:00:00Z,2026-05-24T12:00:00Z,2,2,2,0.0000,638012.319770,30,23,6,https://bscscan.com/address/0x6832fc384c891f0c18d770aa20cb4140e836be2a
Counter-Strike 2 Skins,Counter-Strike%202%20Skins,0x5ec437121a47b86b40fdf1ab4ef95806e60a9247,false,false,false,USD,2026-05-04T13:00:00Z,2026-06-03T12:00:00Z,2026-05-25T03:00:00Z,2026-05-25T04:00:00Z,83.697854,2.789928,0.000000,83.697854,2026-05-24T13:00:00Z,2026-05-25T12:00:00Z,1,2,2,0.0000,4483693.564835,1111,1081,38,https://bscscan.com/address/0x5ec437121a47b86b40fdf1ab4ef95806e60a9247
SOL/USD,SOL%2FUSD,0xff0befd39b7ea4b4b069658f6585f8ef0287fad8,false,false,false,USD,2026-05-04T13:00:00Z,2026-06-03T12:00:00Z,2026-06-01T08:00:00Z,2026-06-01T08:00:00Z,69.274960,2.309165,0.000000,69.274960,2026-05-31T13:00:00Z,2026-06-01T12:00:00Z,1,1,1,0.0000,2345951.255407,106,74,31,https://bscscan.com/address/0xff0befd39b7ea4b4b069658f6585f8ef0287fad8
EUL / USD,EUL%20%2F%20USD,0x128cd7f76ea19888daf4a528011516aee15b15f4,false,false,true,USD,2026-05-04T13:00:00Z,2026-06-03T12:00:00Z,2026-05-18T15:00:00Z,2026-05-18T15:00:00Z,26.552334,0.885077,0.000000,26.552334,2026-05-18T13:00:00Z,2026-05-19T12:00:00Z,1,1,1,0.0000,26.552334,2,0,0,https://bscscan.com/address/0x128cd7f76ea19888daf4a528011516aee15b15f4
Defi Index,Defi%20Index,0xc9f27accc1971c9583dd7d3e9c240555095f98e3,false,false,true,,2026-05-04T13:00:00Z,2026-06-03T12:00:00Z,2026-05-06T11:00:00Z,2026-05-06T11:00:00Z,4.046798,0.134893,0.000000,4.046798,2026-05-05T13:00:00Z,2026-05-06T12:00:00Z,1,1,1,0.0000,18.093016,2,0,2,https://bscscan.com/address/0xc9f27accc1971c9583dd7d3e9c240555095f98e3
,,0x0c92b62a9ec0f9f00dfcefdf8acc9a52a52cc30a,true,,,,2026-05-04T13:00:00Z,2026-06-03T12:00:00Z,,,0.000000,0.000000,0.000000,0.000000,,,0,0,0,0.0000,0.000000,0,0,0,
,,0x6122e6318e85737e401060297c80b443af621717,true,,,,2026-05-04T13:00:00Z,2026-06-03T12:00:00Z,,,0.000000,0.000000,0.000000,0.000000,,,0,0,0,0.0000,0.000000,0,0,0,
,,0xb29dcc22db4017115c771e301ea9f1fc56c371be,true,,,,2026-05-04T13:00:00Z,2026-06-03T12:00:00Z,,,0.000000,0.000000,0.000000,0.000000,,,0,0,0,0.0000,0.000000,0,0,0,
AI Agents Index,AI%20Agents%20Index,0xfbefe7796b8fea946197e7ca5bffdd45270446f2,false,false,false,,2026-05-04T13:00:00Z,2026-06-03T12:00:00Z,,,0.000000,0.000000,0.000000,0.000000,,,0,0,0,0.0000,7524.642006,7,3,3,https://bscscan.com/address/0xfbefe7796b8fea946197e7ca5bffdd45270446f2
AI Index,AI%20Index,0xb9fb39bd8c24bd4e8edf339a33fb5cd2ed2dd9c8,false,true,false,,2026-05-04T13:00:00Z,2026-06-03T12:00:00Z,,,0.000000,0.000000,0.000000,0.000000,,,0,0,0,0.0000,271654.321555,166,159,11,https://bscscan.com/address/0xb9fb39bd8c24bd4e8edf339a33fb5cd2ed2dd9c8
Bad Bunny,Bad%20Bunny,0x28fe0c28b02d7f01b9b1b142cbf3c179ac9a61be,true,false,true,PERCENTAGE,2026-05-04T13:00:00Z,2026-06-03T12:00:00Z,,,0.000000,0.000000,0.000000,0.000000,,,0,0,0,0.0000,5.001066,2,2,0,https://bscscan.com/address/0x28fe0c28b02d7f01b9b1b142cbf3c179ac9a61be
Billie Eilish Index,Billie%20Eilish%20Index,0xdd0ff285568c459b4c30f6179e6baaa44bf1ada8,true,false,true,PERCENTAGE,2026-05-04T13:00:00Z,2026-06-03T12:00:00Z,,,0.000000,0.000000,0.000000,0.000000,,,0,0,0,0.0000,22.763166,2,2,0,https://bscscan.com/address/0xdd0ff285568c459b4c30f6179e6baaa44bf1ada8
Binance Alpha Index,Binance%20Alpha%20Index,0x799b52df5394b143c7786b1e6e4533ce1de5d817,false,true,false,,2026-05-04T13:00:00Z,2026-06-03T12:00:00Z,,,0.000000,0.000000,0.000000,0.000000,,,0,0,0,0.0000,441559.287974,245,228,22,https://bscscan.com/address/0x799b52df5394b143c7786b1e6e4533ce1de5d817
BNB / USD,BNB%20%2F%20USD,0x6bfde86c4c5aabb614addb51bdad1c4450bd2901,false,true,false,USD,2026-05-04T13:00:00Z,2026-06-03T12:00:00Z,,,0.000000,0.000000,0.000000,0.000000,,,0,0,0,0.0000,1690642.233764,625,602,27,https://bscscan.com/address/0x6bfde86c4c5aabb614addb51bdad1c4450bd2901
BNB / USD,BNB%20%2F%20USD,0xe2cd4672d085d2ab163e248ac9293a16accb7b67,false,false,false,USD,2026-05-04T13:00:00Z,2026-06-03T12:00:00Z,,,0.000000,0.000000,0.000000,0.000000,,,0,0,0,0.0000,5626007.079960,126,105,18,https://bscscan.com/address/0xe2cd4672d085d2ab163e248ac9293a16accb7b67
BTC Dominance,BTC%20Dominance,0x204b281d5f5a504043ae2d91f3cf79bbbc1f6e09,false,true,false,PERCENTAGE,2026-05-04T13:00:00Z,2026-06-03T12:00:00Z,,,0.000000,0.000000,0.000000,0.000000,,,0,0,0,0.0000,20331224.075307,5156,5134,19,https://bscscan.com/address/0x204b281d5f5a504043ae2d91f3cf79bbbc1f6e09
CZ Signals Clarity Index,CZ%20Signals%20Clarity%20Index,0x46b1ba8e2b321600038d2a632b7b5c269ded5a47,false,false,false,,2026-05-04T13:00:00Z,2026-06-03T12:00:00Z,,,0.000000,0.000000,0.000000,0.000000,,,0,0,0,0.0000,7151.840318,14,9,3,https://bscscan.com/address/0x46b1ba8e2b321600038d2a632b7b5c269ded5a47
Double or Nothing,Double%20or%20Nothing,0xffada7c70c2868fd0fe9be85d326317923baa0a8,true,true,true,,2026-05-04T13:00:00Z,2026-06-03T12:00:00Z,,,0.000000,0.000000,0.000000,0.000000,,,0,0,0,0.0000,558381.077810,186,73,113,https://bscscan.com/address/0xffada7c70c2868fd0fe9be85d326317923baa0a8
GOLD / USD,GOLD%20%2F%20USD,0x2be9fcd44635ae5d2c0bd39ae1fb5615d9e5299d,false,false,false,USD,2026-05-04T13:00:00Z,2026-06-03T12:00:00Z,,,0.000000,0.000000,0.000000,0.000000,,,0,0,0,0.0000,17845748.113767,88,74,14,https://bscscan.com/address/0x2be9fcd44635ae5d2c0bd39ae1fb5615d9e5299d
Hikaru Nakamura,Hikaru%20Nakamura,0xfc1d83139aa4737a76e017596afa7c51f80470d0,false,false,false,,2026-05-04T13:00:00Z,2026-06-03T12:00:00Z,,,0.000000,0.000000,0.000000,0.000000,,,0,0,0,0.0000,6232.944060,5,3,1,https://bscscan.com/address/0xfc1d83139aa4737a76e017596afa7c51f80470d0
James Wynn Mind Stability Index,James%20Wynn%20Mind%20Stability%20Index,0x68943f4562f34a0f24dfb103a1f31f829866bc11,false,false,false,,2026-05-04T13:00:00Z,2026-06-03T12:00:00Z,,,0.000000,0.000000,0.000000,0.000000,,,0,0,0,0.0000,15772.219340,8,5,3,https://bscscan.com/address/0x68943f4562f34a0f24dfb103a1f31f829866bc11
Jessicanigri vs Monalita,Jessicanigri%20vs%20Monalita,0x84051e966ac782e794786333f0cd5d4584cf0ee2,false,false,false,,2026-05-04T13:00:00Z,2026-06-03T12:00:00Z,,,0.000000,0.000000,0.000000,0.000000,,,0,0,0,0.0000,34185.358501,8,5,1,https://bscscan.com/address/0x84051e966ac782e794786333f0cd5d4584cf0ee2
Lana Del Rey,Lana%20Del%20Rey,0xc1890c46342aa706929bdc32691eb60342135689,true,false,true,PERCENTAGE,2026-05-04T13:00:00Z,2026-06-03T12:00:00Z,,,0.000000,0.000000,0.000000,0.000000,,,0,0,0,0.0000,18.855725,3,3,0,https://bscscan.com/address/0xc1890c46342aa706929bdc32691eb60342135689
Layer 1 Index,Layer%201%20Index,0x21406642d69ee3bf6ffc6795a0fa3c70c28132c7,false,false,true,,2026-05-04T13:00:00Z,2026-06-03T12:00:00Z,,,0.000000,0.000000,0.000000,0.000000,,,0,0,0,0.0000,14.047625,2,0,1,https://bscscan.com/address/0x21406642d69ee3bf6ffc6795a0fa3c70c28132c7
Layer 2 Index,Layer%202%20Index,0xe906e2047d7fb07a9828b2342d64957407ac55e2,false,false,true,,2026-05-04T13:00:00Z,2026-06-03T12:00:00Z,,,0.000000,0.000000,0.000000,0.000000,,,0,0,0,0.0000,19.844956,2,1,1,https://bscscan.com/address/0xe906e2047d7fb07a9828b2342d64957407ac55e2
Made In USA Index,Made%20In%20USA%20Index,0x446d0dcf7aa2e05b7e955237beb03c19cfce48e3,false,false,false,,2026-05-04T13:00:00Z,2026-06-03T12:00:00Z,,,0.000000,0.000000,0.000000,0.000000,,,0,0,0,0.0000,1663.529456,5,2,3,https://bscscan.com/address/0x446d0dcf7aa2e05b7e955237beb03c19cfce48e3
Made In USA Index,Made%20In%20USA%20Index,0x5b6a02e0bd8ed1d6d58368d60275f60d26e0fb55,false,true,false,,2026-05-04T13:00:00Z,2026-06-03T12:00:00Z,,,0.000000,0.000000,0.000000,0.000000,,,0,0,0,0.0000,94205.965823,61,64,4,https://bscscan.com/address/0x5b6a02e0bd8ed1d6d58368d60275f60d26e0fb55
Magnus Carlsen,Magnus%20Carlsen,0x267a9ed5b43fdde6b4cf0f18802b436eaf19f164,false,false,false,,2026-05-04T13:00:00Z,2026-06-03T12:00:00Z,,,0.000000,0.000000,0.000000,0.000000,,,0,0,0,0.0000,17.536015,2,0,0,https://bscscan.com/address/0x267a9ed5b43fdde6b4cf0f18802b436eaf19f164
Memes Index,Memes%20Index,0xe2c1220cac67dd50ccf917edbdfea34ad23a0371,false,false,true,,2026-05-04T13:00:00Z,2026-06-03T12:00:00Z,,,0.000000,0.000000,0.000000,0.000000,,,0,0,0,0.0000,14.048716,2,0,1,https://bscscan.com/address/0xe2c1220cac67dd50ccf917edbdfea34ad23a0371
MrBeast Index,MrBeast%20Index,0x02e9bbcf589ffcbdcc7f26064bf718611523a2bf,true,false,true,,2026-05-04T13:00:00Z,2026-06-03T12:00:00Z,,,0.000000,0.000000,0.000000,0.000000,,,0,0,0,0.0000,2693295.836550,459,432,28,https://bscscan.com/address/0x02e9bbcf589ffcbdcc7f26064bf718611523a2bf
Real Estate Dominance,Real%20Estate%20Dominance,0x43d1db2c2c4b9a322a551f9cb3ba45d800b60e5e,false,false,false,PERCENTAGE,2026-05-04T13:00:00Z,2026-06-03T12:00:00Z,,,0.000000,0.000000,0.000000,0.000000,,,0,0,0,0.0000,16041.192563,4,3,0,https://bscscan.com/address/0x43d1db2c2c4b9a322a551f9cb3ba45d800b60e5e
SOL/USD,SOL%2FUSD,0x23cefe1c6ea3c067f9500c8d9961baf01c39ce3e,false,true,false,USD,2026-05-04T13:00:00Z,2026-06-03T12:00:00Z,,,0.000000,0.000000,0.000000,0.000000,,,0,0,0,0.0000,339756.781618,128,121,10,https://bscscan.com/address/0x23cefe1c6ea3c067f9500c8d9961baf01c39ce3e
Strategic Reserve Index,Strategic%20Reserve%20Index,0x3fd2f14ae16919fdc7b1c3bef0cdbaa6a6b427dc,false,true,false,,2026-05-04T13:00:00Z,2026-06-03T12:00:00Z,,,0.000000,0.000000,0.000000,0.000000,,,0,0,0,0.0000,73132.911922,84,79,3,https://bscscan.com/address/0x3fd2f14ae16919fdc7b1c3bef0cdbaa6a6b427dc
Strategic Reserve Index,Strategic%20Reserve%20Index,0x83fae17e4d6199838791b3707ab3c080af83ff99,false,false,false,,2026-05-04T13:00:00Z,2026-06-03T12:00:00Z,,,0.000000,0.000000,0.000000,0.000000,,,0,0,0,0.0000,1851.576141,6,2,3,https://bscscan.com/address/0x83fae17e4d6199838791b3707ab3c080af83ff99
The Weeknd Index,The%20Weeknd%20Index,0x809e3b60cfb68d617e75cccc8b15336db7baeb06,true,true,true,PERCENTAGE,2026-05-04T13:00:00Z,2026-06-03T12:00:00Z,,,0.000000,0.000000,0.000000,0.000000,,,0,0,0,0.0000,442517.962237,253,231,22,https://bscscan.com/address/0x809e3b60cfb68d617e75cccc8b15336db7baeb06
The Weeknd Index,The%20Weeknd%20Index,0xaf489d2d691475e54ab2945ebc3243a8e9c82ce3,true,false,true,PERCENTAGE,2026-05-04T13:00:00Z,2026-06-03T12:00:00Z,,,0.000000,0.000000,0.000000,0.000000,,,0,0,0,0.0000,758.293846,11,6,1,https://bscscan.com/address/0xaf489d2d691475e54ab2945ebc3243a8e9c82ce3
US x Iran ceasefire by May 31,US%20x%20Iran%20ceasefire%20by%20May%2031,0x4ab88f473f2a8c638d1fa7318f7c8946d8857b9d,false,false,true,PERCENTAGE,2026-05-04T13:00:00Z,2026-06-03T12:00:00Z,,,0.000000,0.000000,0.000000,0.000000,,,0,0,0,0.0000,1543290.500474,46,28,16,https://bscscan.com/address/0x4ab88f473f2a8c638d1fa7318f7c8946d8857b9d
Will Anthropic have the best AI model end of March,Will%20Anthropic%20have%20the%20best%20AI%20model%20end%20of%20March,0x94e93e0cc490ece23915493cf0191c45718682ac,false,false,false,PERCENTAGE,2026-05-04T13:00:00Z,2026-06-03T12:00:00Z,,,0.000000,0.000000,0.000000,0.000000,,,0,0,0,0.0000,362449.928175,12,8,0,https://bscscan.com/address/0x94e93e0cc490ece23915493cf0191c45718682ac
Will Google have the best AI model end of March,Will%20Google%20have%20the%20best%20AI%20model%20end%20of%20March,0x09d720fc4337dd2b8f7a79a4ea0845155769a3d3,false,false,false,PERCENTAGE,2026-05-04T13:00:00Z,2026-06-03T12:00:00Z,,,0.000000,0.000000,0.000000,0.000000,,,0,0,0,0.0000,263132.352205,15,10,2,https://bscscan.com/address/0x09d720fc4337dd2b8f7a79a4ea0845155769a3d3
Will OpenAI have the best AI model end of March,Will%20OpenAI%20have%20the%20best%20AI%20model%20end%20of%20March,0x15e97526f6f4c3a42c5d4cf5ca3eaa7b72f0874a,false,false,false,PERCENTAGE,2026-05-04T13:00:00Z,2026-06-03T12:00:00Z,,,0.000000,0.000000,0.000000,0.000000,,,0,0,0,0.0000,420686.657058,21,18,3,https://bscscan.com/address/0x15e97526f6f4c3a42c5d4cf5ca3eaa7b72f0874a
